﻿<?xml version="1.0" encoding="utf-8"?>
<!--DO NOT EDIT. This document is generated by PSoC Creator design builds.-->
<PSoCCreatorIdeExport Version="1">
  <Device Part="CY8C5888LTI-LP097" Processor="CortexM3" DeviceID="2E161069" />
  <Toolchains>
    <Toolchain Name="ARM GCC Generic" Selected="True">
      <Tool Name="prebuild" Command="" Options="" />
      <Tool Name="assembler" Command="arm-none-eabi-as.exe" Options="-mcpu=cortex-m3 -mthumb -I. -IGenerated_Source\PSoC5 -alh=${OutputDir}/${CompileFile}.lst -g -W" />
      <Tool Name="compiler" Command="arm-none-eabi-gcc.exe" Options="-mcpu=cortex-m3 -mthumb -I. -IGenerated_Source\PSoC5 -Wa,-alh=${OutputDir}/${CompileFile}.lst -g -D DEBUG -D CY_CORE_ID=0 -Wall -ffunction-sections -ffat-lto-objects -Og" />
      <Tool Name="linker" Command="arm-none-eabi-gcc.exe" Options="-mcpu=cortex-m3 -mthumb -L Generated_Source\PSoC5 -Wl,-Map,${OutputDir}/${ProjectShortName}.map -T Generated_Source\PSoC5\cm3gcc.ld -specs=nano.specs -Wl,--gc-sections -g -ffunction-sections -Og -ffat-lto-objects" />
      <Tool Name="postbuild" Command="" Options="" />
    </Toolchain>
    <Toolchain Name="ARM MDK Generic" Selected="False">
      <Tool Name="prebuild" Command="" Options="" />
      <Tool Name="assembler" Command="armasm.exe" Options="--cpu=Cortex-M3 --diag_style=gnu --thumb -i. -iGenerated_Source\PSoC5 -g --list=${OutputDir}/${CompileFile}.lst &quot;--predefine=__MICROLIB SETA 1&quot;" />
      <Tool Name="compiler" Command="armcc.exe" Options="--cpu=Cortex-M3 --C99 --diag_style=gnu -I. -IGenerated_Source\PSoC5 --list --signed_chars -g -D DEBUG -D CY_CORE_ID=0 -O0 --split_sections -D__MICROLIB" />
      <Tool Name="linker" Command="armlink.exe" Options="--cpu=Cortex-M3 --diag_style=gnu --no_startup --library_type=microlib --map --list ${OutputDir}/${ProjectShortName}.map --scatter Generated_Source\PSoC5\Cm3RealView.scat" />
      <Tool Name="postbuild" Command="" Options="" />
    </Toolchain>
    <Toolchain Name="ARM IAR Generic" Selected="False">
      <Tool Name="prebuild" Command="" Options="" />
      <Tool Name="assembler" Command="iasmarm.exe" Options="--cpu Cortex-M3 -I. -IGenerated_Source\PSoC5 -s+ -M&lt;&gt; -w+ -r -DDEBUG --fpu None" />
      <Tool Name="compiler" Command="iccarm.exe" Options="--cpu Cortex-M3 -I. -IGenerated_Source\PSoC5 -D DEBUG -D CY_CORE_ID=0 -I. -IGenerated_Source\PSoC5 -D DEBUG -D CY_CORE_ID=0 --no_cse --no_unroll --no_inline --no_code_motion --no_tbaa --no_clustering --no_scheduling --debug --endian=little -e --fpu=None -On --no_wrap_diagnostics" />
      <Tool Name="linker" Command="ilinkarm.exe" Options="--semihosting --entry __iar_program_start --config Generated_Source\PSoC5\Cm3Iar.icf" />
      <Tool Name="postbuild" Command="" Options="" />
    </Toolchain>
  </Toolchains>
  <Project Name="Design01" Path="D:\PSOC Projects\Vectrex nvSRAM Loader\Design01.cydsn" Version="6.10" Type="Normal">
    <CMSIS_SVD_File>Design01.svd</CMSIS_SVD_File>
    <Datasheet />
    <LinkerFiles>
      <LinkerFile Toolchain="ARM GCC Generic">.\Generated_Source\PSoC5\cm3gcc.ld</LinkerFile>
      <LinkerFile Toolchain="ARM MDK Generic">.\Generated_Source\PSoC5\Cm3RealView.scat</LinkerFile>
      <LinkerFile Toolchain="ARM IAR Generic">.\Generated_Source\PSoC5\Cm3Iar.icf</LinkerFile>
    </LinkerFiles>
    <Folders>
      <Folder BuildType="STRICT" Path="D:\PSOC Projects\Vectrex nvSRAM Loader\Design01.cydsn">
        <Files Root="D:\PSOC Projects\Vectrex nvSRAM Loader\Design01.cydsn">
          <File BuildType="BUILD" Toolchain="">main.c</File>
          <File BuildType="BUILD" Toolchain="">cyapicallbacks.h</File>
        </Files>
      </Folder>
      <Folder BuildType="STRICT" Path="D:\PSOC Projects\Vectrex nvSRAM Loader\Design01.cydsn\Generated_Source\PSoC5">
        <Files Root="D:\PSOC Projects\Vectrex nvSRAM Loader\Design01.cydsn">
          <File BuildType="BUILD" Toolchain="">Generated_Source\PSoC5\cyfitter_cfg.h</File>
          <File BuildType="BUILD" Toolchain="">Generated_Source\PSoC5\cyfitter_cfg.c</File>
          <File BuildType="BUILD" Toolchain="">Generated_Source\PSoC5\cymetadata.c</File>
          <File BuildType="BUILD" Toolchain="">Generated_Source\PSoC5\cydevice.h</File>
          <File BuildType="BUILD" Toolchain="">Generated_Source\PSoC5\cydevicegnu.inc</File>
          <File BuildType="BUILD" Toolchain="">Generated_Source\PSoC5\cydevicerv.inc</File>
          <File BuildType="BUILD" Toolchain="">Generated_Source\PSoC5\cydeviceiar.inc</File>
          <File BuildType="BUILD" Toolchain="">Generated_Source\PSoC5\cydevice_trm.h</File>
          <File BuildType="BUILD" Toolchain="">Generated_Source\PSoC5\cydevicegnu_trm.inc</File>
          <File BuildType="BUILD" Toolchain="">Generated_Source\PSoC5\cydevicerv_trm.inc</File>
          <File BuildType="BUILD" Toolchain="">Generated_Source\PSoC5\cydeviceiar_trm.inc</File>
          <File BuildType="BUILD" Toolchain="">Generated_Source\PSoC5\cyfittergnu.inc</File>
          <File BuildType="BUILD" Toolchain="">Generated_Source\PSoC5\cyfitterrv.inc</File>
          <File BuildType="BUILD" Toolchain="">Generated_Source\PSoC5\cyfitteriar.inc</File>
          <File BuildType="BUILD" Toolchain="">Generated_Source\PSoC5\cyfitter.h</File>
          <File BuildType="BUILD" Toolchain="">Generated_Source\PSoC5\cydisabledsheets.h</File>
          <File BuildType="BUILD" Toolchain="ARM GCC Generic">Generated_Source\PSoC5\cm3gcc.ld</File>
          <File BuildType="BUILD" Toolchain="ARM MDK Generic">Generated_Source\PSoC5\Cm3RealView.scat</File>
          <File BuildType="BUILD" Toolchain="">Generated_Source\PSoC5\Cm3Start.c</File>
          <File BuildType="BUILD" Toolchain="">Generated_Source\PSoC5\core_cm3.h</File>
          <File BuildType="BUILD" Toolchain="">Generated_Source\PSoC5\core_cm3_psoc5.h</File>
          <File BuildType="BUILD" Toolchain="ARM GCC Generic">Generated_Source\PSoC5\CyBootAsmGnu.s</File>
          <File BuildType="BUILD" Toolchain="ARM MDK Generic">Generated_Source\PSoC5\CyBootAsmRv.s</File>
          <File BuildType="BUILD" Toolchain="">Generated_Source\PSoC5\CyDmac.c</File>
          <File BuildType="BUILD" Toolchain="">Generated_Source\PSoC5\CyDmac.h</File>
          <File BuildType="BUILD" Toolchain="">Generated_Source\PSoC5\CyFlash.c</File>
          <File BuildType="BUILD" Toolchain="">Generated_Source\PSoC5\CyFlash.h</File>
          <File BuildType="BUILD" Toolchain="">Generated_Source\PSoC5\CyLib.c</File>
          <File BuildType="BUILD" Toolchain="">Generated_Source\PSoC5\CyLib.h</File>
          <File BuildType="BUILD" Toolchain="">Generated_Source\PSoC5\cypins.h</File>
          <File BuildType="BUILD" Toolchain="">Generated_Source\PSoC5\cyPm.c</File>
          <File BuildType="BUILD" Toolchain="">Generated_Source\PSoC5\cyPm.h</File>
          <File BuildType="BUILD" Toolchain="">Generated_Source\PSoC5\CySpc.c</File>
          <File BuildType="BUILD" Toolchain="">Generated_Source\PSoC5\CySpc.h</File>
          <File BuildType="BUILD" Toolchain="">Generated_Source\PSoC5\cytypes.h</File>
          <File BuildType="BUILD" Toolchain="">Generated_Source\PSoC5\cyutils.c</File>
          <File BuildType="BUILD" Toolchain="">Generated_Source\PSoC5\core_cmFunc.h</File>
          <File BuildType="BUILD" Toolchain="">Generated_Source\PSoC5\core_cmInstr.h</File>
          <File BuildType="BUILD" Toolchain="ARM IAR Generic">Generated_Source\PSoC5\Cm3Iar.icf</File>
          <File BuildType="BUILD" Toolchain="ARM IAR Generic">Generated_Source\PSoC5\CyBootAsmIar.s</File>
          <File BuildType="BUILD" Toolchain="">Generated_Source\PSoC5\cmsis_armcc.h</File>
          <File BuildType="BUILD" Toolchain="">Generated_Source\PSoC5\cmsis_gcc.h</File>
          <File BuildType="BUILD" Toolchain="">Generated_Source\PSoC5\cmsis_compiler.h</File>
          <File BuildType="BUILD" Toolchain="">Generated_Source\PSoC5\cy_em_eeprom.c</File>
          <File BuildType="BUILD" Toolchain="">Generated_Source\PSoC5\cy_em_eeprom.h</File>
          <File BuildType="BUILD" Toolchain="">Generated_Source\PSoC5\project.h</File>
          <File BuildType="BUILD" Toolchain="">Generated_Source\PSoC5\cycodeshareimport.ld</File>
          <File BuildType="BUILD" Toolchain="">Generated_Source\PSoC5\cycodeshareexport.ld</File>
          <File BuildType="BUILD" Toolchain="">Generated_Source\PSoC5\cycodeshareimport.scat</File>
          <File BuildType="BUILD" Toolchain="">Generated_Source\PSoC5\USBUART.c</File>
          <File BuildType="BUILD" Toolchain="">Generated_Source\PSoC5\USBUART.h</File>
          <File BuildType="BUILD" Toolchain="">Generated_Source\PSoC5\USBUART_audio.c</File>
          <File BuildType="BUILD" Toolchain="">Generated_Source\PSoC5\USBUART_audio.h</File>
          <File BuildType="BUILD" Toolchain="">Generated_Source\PSoC5\USBUART_boot.c</File>
          <File BuildType="BUILD" Toolchain="">Generated_Source\PSoC5\USBUART_cdc.c</File>
          <File BuildType="BUILD" Toolchain="">Generated_Source\PSoC5\USBUART_cdc.h</File>
          <File BuildType="BUILD" Toolchain="">Generated_Source\PSoC5\USBUART_cls.c</File>
          <File BuildType="BUILD" Toolchain="">Generated_Source\PSoC5\USBUART_descr.c</File>
          <File BuildType="BUILD" Toolchain="">Generated_Source\PSoC5\USBUART_drv.c</File>
          <File BuildType="BUILD" Toolchain="">Generated_Source\PSoC5\USBUART_episr.c</File>
          <File BuildType="BUILD" Toolchain="">Generated_Source\PSoC5\USBUART_hid.c</File>
          <File BuildType="BUILD" Toolchain="">Generated_Source\PSoC5\USBUART_hid.h</File>
          <File BuildType="BUILD" Toolchain="">Generated_Source\PSoC5\USBUART_pm.c</File>
          <File BuildType="BUILD" Toolchain="">Generated_Source\PSoC5\USBUART_std.c</File>
          <File BuildType="BUILD" Toolchain="">Generated_Source\PSoC5\USBUART_vnd.c</File>
          <File BuildType="BUILD" Toolchain="">Generated_Source\PSoC5\USBUART_midi.c</File>
          <File BuildType="BUILD" Toolchain="">Generated_Source\PSoC5\USBUART_midi.h</File>
          <File BuildType="BUILD" Toolchain="">Generated_Source\PSoC5\USBUART_pvt.h</File>
          <File BuildType="BUILD" Toolchain="">Generated_Source\PSoC5\USBUART_cydmac.h</File>
          <File BuildType="BUILD" Toolchain="">Generated_Source\PSoC5\USBUART_msc.c</File>
          <File BuildType="BUILD" Toolchain="">Generated_Source\PSoC5\USBUART_msc.h</File>
          <File BuildType="BUILD" Toolchain="">Generated_Source\PSoC5\USBUART_Dm_aliases.h</File>
          <File BuildType="BUILD" Toolchain="">Generated_Source\PSoC5\USBUART_Dm.c</File>
          <File BuildType="BUILD" Toolchain="">Generated_Source\PSoC5\USBUART_Dm.h</File>
          <File BuildType="BUILD" Toolchain="">Generated_Source\PSoC5\USBUART_Dp_aliases.h</File>
          <File BuildType="BUILD" Toolchain="">Generated_Source\PSoC5\USBUART_Dp.c</File>
          <File BuildType="BUILD" Toolchain="">Generated_Source\PSoC5\USBUART_Dp.h</File>
          <File BuildType="BUILD" Toolchain="">Generated_Source\PSoC5\LED_aliases.h</File>
          <File BuildType="BUILD" Toolchain="">Generated_Source\PSoC5\LED.c</File>
          <File BuildType="BUILD" Toolchain="">Generated_Source\PSoC5\LED.h</File>
          <File BuildType="BUILD" Toolchain="">Generated_Source\PSoC5\Pin_D0_aliases.h</File>
          <File BuildType="BUILD" Toolchain="">Generated_Source\PSoC5\Pin_D0.c</File>
          <File BuildType="BUILD" Toolchain="">Generated_Source\PSoC5\Pin_D0.h</File>
          <File BuildType="BUILD" Toolchain="">Generated_Source\PSoC5\Control_Reg_Data.h</File>
          <File BuildType="BUILD" Toolchain="">Generated_Source\PSoC5\Control_Reg_Data.c</File>
          <File BuildType="BUILD" Toolchain="">Generated_Source\PSoC5\Control_Reg_Data_PM.c</File>
          <File BuildType="BUILD" Toolchain="">Generated_Source\PSoC5\Control_Reg_Address_LSB.h</File>
          <File BuildType="BUILD" Toolchain="">Generated_Source\PSoC5\Control_Reg_Address_LSB.c</File>
          <File BuildType="BUILD" Toolchain="">Generated_Source\PSoC5\Control_Reg_Address_LSB_PM.c</File>
          <File BuildType="BUILD" Toolchain="">Generated_Source\PSoC5\Control_Reg_Address_MSB.h</File>
          <File BuildType="BUILD" Toolchain="">Generated_Source\PSoC5\Control_Reg_Address_MSB.c</File>
          <File BuildType="BUILD" Toolchain="">Generated_Source\PSoC5\Control_Reg_Address_MSB_PM.c</File>
          <File BuildType="BUILD" Toolchain="">Generated_Source\PSoC5\Status_Reg_Data.c</File>
          <File BuildType="BUILD" Toolchain="">Generated_Source\PSoC5\Status_Reg_Data.h</File>
          <File BuildType="BUILD" Toolchain="">Generated_Source\PSoC5\Pin_A0_aliases.h</File>
          <File BuildType="BUILD" Toolchain="">Generated_Source\PSoC5\Pin_A0.c</File>
          <File BuildType="BUILD" Toolchain="">Generated_Source\PSoC5\Pin_A0.h</File>
          <File BuildType="BUILD" Toolchain="">Generated_Source\PSoC5\Pin_A1_aliases.h</File>
          <File BuildType="BUILD" Toolchain="">Generated_Source\PSoC5\Pin_A1.c</File>
          <File BuildType="BUILD" Toolchain="">Generated_Source\PSoC5\Pin_A1.h</File>
          <File BuildType="BUILD" Toolchain="">Generated_Source\PSoC5\Pin_A2_aliases.h</File>
          <File BuildType="BUILD" Toolchain="">Generated_Source\PSoC5\Pin_A2.c</File>
          <File BuildType="BUILD" Toolchain="">Generated_Source\PSoC5\Pin_A2.h</File>
          <File BuildType="BUILD" Toolchain="">Generated_Source\PSoC5\Pin_A3_aliases.h</File>
          <File BuildType="BUILD" Toolchain="">Generated_Source\PSoC5\Pin_A3.c</File>
          <File BuildType="BUILD" Toolchain="">Generated_Source\PSoC5\Pin_A3.h</File>
          <File BuildType="BUILD" Toolchain="">Generated_Source\PSoC5\Pin_A4_aliases.h</File>
          <File BuildType="BUILD" Toolchain="">Generated_Source\PSoC5\Pin_A4.c</File>
          <File BuildType="BUILD" Toolchain="">Generated_Source\PSoC5\Pin_A4.h</File>
          <File BuildType="BUILD" Toolchain="">Generated_Source\PSoC5\Pin_A5_aliases.h</File>
          <File BuildType="BUILD" Toolchain="">Generated_Source\PSoC5\Pin_A5.c</File>
          <File BuildType="BUILD" Toolchain="">Generated_Source\PSoC5\Pin_A5.h</File>
          <File BuildType="BUILD" Toolchain="">Generated_Source\PSoC5\Pin_A6_aliases.h</File>
          <File BuildType="BUILD" Toolchain="">Generated_Source\PSoC5\Pin_A6.c</File>
          <File BuildType="BUILD" Toolchain="">Generated_Source\PSoC5\Pin_A6.h</File>
          <File BuildType="BUILD" Toolchain="">Generated_Source\PSoC5\Pin_A7_aliases.h</File>
          <File BuildType="BUILD" Toolchain="">Generated_Source\PSoC5\Pin_A7.c</File>
          <File BuildType="BUILD" Toolchain="">Generated_Source\PSoC5\Pin_A7.h</File>
          <File BuildType="BUILD" Toolchain="">Generated_Source\PSoC5\Pin_A8_aliases.h</File>
          <File BuildType="BUILD" Toolchain="">Generated_Source\PSoC5\Pin_A8.c</File>
          <File BuildType="BUILD" Toolchain="">Generated_Source\PSoC5\Pin_A8.h</File>
          <File BuildType="BUILD" Toolchain="">Generated_Source\PSoC5\Pin_A9_aliases.h</File>
          <File BuildType="BUILD" Toolchain="">Generated_Source\PSoC5\Pin_A9.c</File>
          <File BuildType="BUILD" Toolchain="">Generated_Source\PSoC5\Pin_A9.h</File>
          <File BuildType="BUILD" Toolchain="">Generated_Source\PSoC5\Pin_A10_aliases.h</File>
          <File BuildType="BUILD" Toolchain="">Generated_Source\PSoC5\Pin_A10.c</File>
          <File BuildType="BUILD" Toolchain="">Generated_Source\PSoC5\Pin_A10.h</File>
          <File BuildType="BUILD" Toolchain="">Generated_Source\PSoC5\Pin_A11_aliases.h</File>
          <File BuildType="BUILD" Toolchain="">Generated_Source\PSoC5\Pin_A11.c</File>
          <File BuildType="BUILD" Toolchain="">Generated_Source\PSoC5\Pin_A11.h</File>
          <File BuildType="BUILD" Toolchain="">Generated_Source\PSoC5\Pin_A12_aliases.h</File>
          <File BuildType="BUILD" Toolchain="">Generated_Source\PSoC5\Pin_A12.c</File>
          <File BuildType="BUILD" Toolchain="">Generated_Source\PSoC5\Pin_A12.h</File>
          <File BuildType="BUILD" Toolchain="">Generated_Source\PSoC5\Pin_A13_aliases.h</File>
          <File BuildType="BUILD" Toolchain="">Generated_Source\PSoC5\Pin_A13.c</File>
          <File BuildType="BUILD" Toolchain="">Generated_Source\PSoC5\Pin_A13.h</File>
          <File BuildType="BUILD" Toolchain="">Generated_Source\PSoC5\Pin_A14_aliases.h</File>
          <File BuildType="BUILD" Toolchain="">Generated_Source\PSoC5\Pin_A14.c</File>
          <File BuildType="BUILD" Toolchain="">Generated_Source\PSoC5\Pin_A14.h</File>
          <File BuildType="BUILD" Toolchain="">Generated_Source\PSoC5\Pin_D1_aliases.h</File>
          <File BuildType="BUILD" Toolchain="">Generated_Source\PSoC5\Pin_D1.c</File>
          <File BuildType="BUILD" Toolchain="">Generated_Source\PSoC5\Pin_D1.h</File>
          <File BuildType="BUILD" Toolchain="">Generated_Source\PSoC5\Pin_D2_aliases.h</File>
          <File BuildType="BUILD" Toolchain="">Generated_Source\PSoC5\Pin_D2.c</File>
          <File BuildType="BUILD" Toolchain="">Generated_Source\PSoC5\Pin_D2.h</File>
          <File BuildType="BUILD" Toolchain="">Generated_Source\PSoC5\Pin_D3_aliases.h</File>
          <File BuildType="BUILD" Toolchain="">Generated_Source\PSoC5\Pin_D3.c</File>
          <File BuildType="BUILD" Toolchain="">Generated_Source\PSoC5\Pin_D3.h</File>
          <File BuildType="BUILD" Toolchain="">Generated_Source\PSoC5\Pin_D4_aliases.h</File>
          <File BuildType="BUILD" Toolchain="">Generated_Source\PSoC5\Pin_D4.c</File>
          <File BuildType="BUILD" Toolchain="">Generated_Source\PSoC5\Pin_D4.h</File>
          <File BuildType="BUILD" Toolchain="">Generated_Source\PSoC5\Pin_D5_aliases.h</File>
          <File BuildType="BUILD" Toolchain="">Generated_Source\PSoC5\Pin_D5.c</File>
          <File BuildType="BUILD" Toolchain="">Generated_Source\PSoC5\Pin_D5.h</File>
          <File BuildType="BUILD" Toolchain="">Generated_Source\PSoC5\Pin_D6_aliases.h</File>
          <File BuildType="BUILD" Toolchain="">Generated_Source\PSoC5\Pin_D6.c</File>
          <File BuildType="BUILD" Toolchain="">Generated_Source\PSoC5\Pin_D6.h</File>
          <File BuildType="BUILD" Toolchain="">Generated_Source\PSoC5\Pin_D7_aliases.h</File>
          <File BuildType="BUILD" Toolchain="">Generated_Source\PSoC5\Pin_D7.c</File>
          <File BuildType="BUILD" Toolchain="">Generated_Source\PSoC5\Pin_D7.h</File>
          <File BuildType="BUILD" Toolchain="">Generated_Source\PSoC5\Control_Reg_WE.h</File>
          <File BuildType="BUILD" Toolchain="">Generated_Source\PSoC5\Control_Reg_WE.c</File>
          <File BuildType="BUILD" Toolchain="">Generated_Source\PSoC5\Control_Reg_WE_PM.c</File>
          <File BuildType="BUILD" Toolchain="">Generated_Source\PSoC5\Pin_WE_aliases.h</File>
          <File BuildType="BUILD" Toolchain="">Generated_Source\PSoC5\Pin_WE.c</File>
          <File BuildType="BUILD" Toolchain="">Generated_Source\PSoC5\Pin_WE.h</File>
          <File BuildType="BUILD" Toolchain="">Generated_Source\PSoC5\Clock_1.c</File>
          <File BuildType="BUILD" Toolchain="">Generated_Source\PSoC5\Clock_1.h</File>
          <File BuildType="BUILD" Toolchain="">Generated_Source\PSoC5\Pin_A15_aliases.h</File>
          <File BuildType="BUILD" Toolchain="">Generated_Source\PSoC5\Pin_A15.c</File>
          <File BuildType="BUILD" Toolchain="">Generated_Source\PSoC5\Pin_A15.h</File>
          <File BuildType="BUILD" Toolchain="">Generated_Source\PSoC5\Control_Reg_CE.h</File>
          <File BuildType="BUILD" Toolchain="">Generated_Source\PSoC5\Control_Reg_CE.c</File>
          <File BuildType="BUILD" Toolchain="">Generated_Source\PSoC5\Control_Reg_CE_PM.c</File>
          <File BuildType="BUILD" Toolchain="">Generated_Source\PSoC5\Clock_2.c</File>
          <File BuildType="BUILD" Toolchain="">Generated_Source\PSoC5\Clock_2.h</File>
          <File BuildType="BUILD" Toolchain="">Generated_Source\PSoC5\Control_Reg_LED.h</File>
          <File BuildType="BUILD" Toolchain="">Generated_Source\PSoC5\Control_Reg_LED.c</File>
          <File BuildType="BUILD" Toolchain="">Generated_Source\PSoC5\Control_Reg_LED_PM.c</File>
          <File BuildType="BUILD" Toolchain="">Generated_Source\PSoC5\Pin_OE_aliases.h</File>
          <File BuildType="BUILD" Toolchain="">Generated_Source\PSoC5\Pin_OE.c</File>
          <File BuildType="BUILD" Toolchain="">Generated_Source\PSoC5\Pin_OE.h</File>
          <File BuildType="BUILD" Toolchain="">Generated_Source\PSoC5\Control_Reg_OE.h</File>
          <File BuildType="BUILD" Toolchain="">Generated_Source\PSoC5\Control_Reg_OE.c</File>
          <File BuildType="BUILD" Toolchain="">Generated_Source\PSoC5\Control_Reg_OE_PM.c</File>
        </Files>
      </Folder>
      <Folder BuildType="STRICT" Path="D:\PSOC Projects\Vectrex nvSRAM Loader\Design01.cydsn\Export\ARM_GCC_Generic">
        <Files Root="D:\PSOC Projects\Vectrex nvSRAM Loader\Design01.cydsn">
          <File BuildType="BUILD" Toolchain="ARM GCC Generic">.\Export\ARM_GCC_Generic\CyComponentLibrary.a</File>
        </Files>
      </Folder>
      <Folder BuildType="STRICT" Path="D:\PSOC Projects\Vectrex nvSRAM Loader\Design01.cydsn\Export\ARM_MDK_Generic">
        <Files Root="D:\PSOC Projects\Vectrex nvSRAM Loader\Design01.cydsn">
          <File BuildType="BUILD" Toolchain="ARM MDK Generic">.\Export\ARM_MDK_Generic\CyComponentLibrary.a</File>
        </Files>
      </Folder>
      <Folder BuildType="STRICT" Path="D:\PSOC Projects\Vectrex nvSRAM Loader\Design01.cydsn\Export\ARM_IAR_Generic">
        <Files Root="D:\PSOC Projects\Vectrex nvSRAM Loader\Design01.cydsn">
          <File BuildType="BUILD" Toolchain="ARM IAR Generic">.\Export\ARM_IAR_Generic\CyComponentLibrary.a</File>
        </Files>
      </Folder>
      <Folder BuildType="EXCLUDE" Path=".\codegentemp">
        <Files Root="D:\PSOC Projects\Vectrex nvSRAM Loader\Design01.cydsn" />
      </Folder>
      <Folder BuildType="EXCLUDE" Path=".\ARM_GCC_441">
        <Files Root="D:\PSOC Projects\Vectrex nvSRAM Loader\Design01.cydsn" />
      </Folder>
      <Folder BuildType="EXCLUDE" Path=".\ARM_GCC_473">
        <Files Root="D:\PSOC Projects\Vectrex nvSRAM Loader\Design01.cydsn" />
      </Folder>
      <Folder BuildType="EXCLUDE" Path=".\DP8051_Keil_952">
        <Files Root="D:\PSOC Projects\Vectrex nvSRAM Loader\Design01.cydsn" />
      </Folder>
      <Folder BuildType="EXCLUDE" Path=".\DP8051">
        <Files Root="D:\PSOC Projects\Vectrex nvSRAM Loader\Design01.cydsn" />
      </Folder>
      <Folder BuildType="EXCLUDE" Path=".\CortexM0">
        <Files Root="D:\PSOC Projects\Vectrex nvSRAM Loader\Design01.cydsn" />
      </Folder>
      <Folder BuildType="EXCLUDE" Path=".\CortexM0p">
        <Files Root="D:\PSOC Projects\Vectrex nvSRAM Loader\Design01.cydsn" />
      </Folder>
      <Folder BuildType="EXCLUDE" Path=".\CortexM3">
        <Files Root="D:\PSOC Projects\Vectrex nvSRAM Loader\Design01.cydsn" />
      </Folder>
      <Folder BuildType="EXCLUDE" Path=".\CortexM4">
        <Files Root="D:\PSOC Projects\Vectrex nvSRAM Loader\Design01.cydsn" />
      </Folder>
      <Folder BuildType="EXCLUDE" Path=".\CortexM7">
        <Files Root="D:\PSOC Projects\Vectrex nvSRAM Loader\Design01.cydsn" />
      </Folder>
    </Folders>
  </Project>
</PSoCCreatorIdeExport>